#Release 14.7 - par P.20131013 (nt)
#Copyright (c) 1995-2013 Xilinx, Inc.  All rights reserved.

#Sun Jan 31 14:36:59 2021

#
## NOTE: This file is designed to be imported into a spreadsheet program
# such as Microsoft Excel for viewing, printing and sorting. The |
# character is used as the data field separator. This file is also designed
# to support parsing.
#
#INPUT FILE:       tld_zxuno_v4_map.ncd
#OUTPUT FILE:      tld_zxuno_v4_pad.csv
#PART TYPE:        xc6slx9
#SPEED GRADE:      -2
#PACKAGE:          tqg144
#
# Pinout by Pin Number:
# 
# -----,-----,-----,-----,-----,-----,-----,-----,-----,-----,-----,-----,-----,-----,-----,
Pin Number,Signal Name,Pin Usage,Pin Name,Direction,IO Standard,IO Bank Number,Drive (mA),Slew Rate,Termination,IOB Delay,Voltage,Constraint,IO Register,Signal Integrity,
P1,joyup,IOB,IO_L83N_VREF_3,INPUT,LVCMOS33,3,,,PULLUP,NONE,,LOCATED,NO,NONE,
P2,joyfire,IOB,IO_L83P_3,INPUT,LVCMOS33,3,,,PULLUP,NONE,,LOCATED,NO,NONE,
P3,,,GND,,,,,,,,,,,,
P4,,,VCCO_3,,,3,,,,,3.30,,,,
P5,joydown,IOB,IO_L52N_3,INPUT,LVCMOS33,3,,,PULLUP,NONE,,LOCATED,NO,NONE,
P6,joyleft,IOB,IO_L52P_3,INPUT,LVCMOS33,3,,,PULLUP,NONE,,LOCATED,NO,NONE,
P7,joyright,IOB,IO_L51N_3,INPUT,LVCMOS33,3,,,PULLUP,NONE,,LOCATED,NO,NONE,
P8,joybtn2,IOB,IO_L51P_3,INPUT,LVCMOS33,3,,,PULLUP,NONE,,LOCATED,NO,NONE,
P9,audio_out_right,IOB,IO_L50N_3,OUTPUT,LVCMOS33,3,12,SLOW,,,,LOCATED,YES,NONE,
P10,audio_out_left,IOB,IO_L50P_3,OUTPUT,LVCMOS33,3,12,SLOW,,,,LOCATED,YES,NONE,
P11,testled,IOB,IO_L49N_3,OUTPUT,LVCMOS33,3,12,SLOW,,,,LOCATED,NO,NONE,
P12,uart_rx,IOB,IO_L49P_3,INPUT,LVCMOS33,3,,,PULLUP,NONE,,LOCATED,NO,NONE,
P13,,,GND,,,,,,,,,,,,
P14,,IOBS,IO_L44N_GCLK20_3,UNUSED,,3,,,,,,,,,
P15,,IOBM,IO_L44P_GCLK21_3,UNUSED,,3,,,,,,,,,
P16,uart_tx,IOB,IO_L43N_GCLK22_IRDY2_3,OUTPUT,LVCMOS33,3,12,SLOW,,,,LOCATED,NO,NONE,
P17,,IOBM,IO_L43P_GCLK23_3,UNUSED,,3,,,,,,,,,
P18,,,VCCO_3,,,3,,,,,3.30,,,,
P19,,,VCCINT,,,,,,,,1.2,,,,
P20,,,VCCAUX,,,,,,,,2.5,,,,
P21,,IOBS,IO_L42N_GCLK24_3,UNUSED,,3,,,,,,,,,
P22,uart_rts,IOB,IO_L42P_GCLK25_TRDY2_3,OUTPUT,LVCMOS33,3,12,SLOW,,,,LOCATED,NO,NONE,
P23,,IOBS,IO_L41N_GCLK26_3,UNUSED,,3,,,,,,,,,
P24,,IOBM,IO_L41P_GCLK27_3,UNUSED,,3,,,,,,,,,
P25,,,GND,,,,,,,,,,,,
P26,uart_reset,IOB,IO_L37N_3,TRISTATE,LVCMOS33,3,12,SLOW,PULLUP,,,LOCATED,NO,NONE,
P27,,IOBM,IO_L37P_3,UNUSED,,3,,,,,,,,,
P28,,,VCCINT,,,,,,,,1.2,,,,
P29,,IOBS,IO_L36N_3,UNUSED,,3,,,,,,,,,
P30,,IOBM,IO_L36P_3,UNUSED,,3,,,,,,,,,
P31,,,VCCO_3,,,3,,,,,3.30,,,,
P32,,IOBS,IO_L2N_3,UNUSED,,3,,,,,,,,,
P33,,IOBM,IO_L2P_3,UNUSED,,3,,,,,,,,,
P34,,IOBS,IO_L1N_VREF_3,UNUSED,,3,,,,,,,,,
P35,,IOBM,IO_L1P_3,UNUSED,,3,,,,,,,,,
P36,,,VCCAUX,,,,,,,,2.5,,,,
P37,,,PROGRAM_B_2,,,,,,,,,,,,
P38,flash_cs_n,IOB,IO_L65N_CSO_B_2,OUTPUT,LVCMOS33,2,12,SLOW,,,,LOCATED,YES,NONE,
P39,,IOBM,IO_L65P_INIT_B_2,UNUSED,,2,,,,,,,,,
P40,,IOBS,IO_L64N_D9_2,UNUSED,,2,,,,,,,,,
P41,,IOBM,IO_L64P_D8_2,UNUSED,,2,,,,,,,,,
P42,,,VCCO_2,,,2,,,,,3.30,,,,
P43,midi_out,IOB,IO_L62N_D6_2,OUTPUT,LVCMOS33,2,12,SLOW,,,,LOCATED,NO,NONE,
P44,,IOBM,IO_L62P_D5_2,UNUSED,,2,,,,,,,,,
P45,,IOBS,IO_L49N_D4_2,UNUSED,,2,,,,,,,,,
P46,dabd,IOB,IO_L49P_D3_2,INPUT,LVCMOS33,2,,,PULLUP,NONE,,LOCATED,YES,NONE,
P47,,IOBS,IO_L48N_RDWR_B_VREF_2,UNUSED,,2,,,,,,,,,
P48,,IOBM,IO_L48P_D7_2,UNUSED,,2,,,,,,,,,
P49,,,GND,,,,,,,,,,,,
P50,clkbd,IOB,IO_L31N_GCLK30_D15_2,INPUT,LVCMOS33,2,,,PULLUP,NONE,,LOCATED,YES,NONE,
P51,,IOBM,IO_L31P_GCLK31_D14_2,UNUSED,,2,,,,,,,,,
P52,,,VCCINT,,,,,,,,1.2,,,,
P53,,,VCCAUX,,,,,,,,2.5,,,,
P54,,,GND,,,,,,,,,,,,
P55,clk50mhz,IOB,IO_L30N_GCLK0_USERCCLK_2,INPUT,LVCMOS33,2,,,,NONE,,LOCATED,NO,NONE,
P56,,IOBM,IO_L30P_GCLK1_D13_2,UNUSED,,2,,,,,,,,,
P57,wsbd,IOB,IO_L14N_D12_2,INPUT,LVCMOS33,2,,,PULLUP,NONE,,LOCATED,YES,NONE,
P58,,IOBM,IO_L14P_D11_2,UNUSED,,2,,,,,,,,,
P59,sd_cs_n,IOB,IO_L13N_D10_2,OUTPUT,LVCMOS33,2,12,SLOW,,,,LOCATED,YES,NONE,
P60,,IOBM,IO_L13P_M1_2,UNUSED,,2,,,,,,,,,
P61,,IOBS,IO_L12N_D2_MISO3_2,UNUSED,,2,,,,,,,,,
P62,,IOBM,IO_L12P_D1_MISO2_2,UNUSED,,2,,,,,,,,,
P63,,,VCCO_2,,,2,,,,,3.30,,,,
P64,flash_mosi,IOB,IO_L3N_MOSI_CSI_B_MISO0_2,OUTPUT,LVCMOS33,2,12,SLOW,,,,LOCATED,YES,NONE,
P65,flash_miso,IOB,IO_L3P_D0_DIN_MISO_MISO1_2,INPUT,LVCMOS33,2,,,,NONE,,LOCATED,YES,NONE,
P66,stdn,IOB,IO_L2N_CMPMOSI_2,OUTPUT,LVCMOS33,2,12,SLOW,,,,LOCATED,NO,NONE,
P67,stdnb,IOB,IO_L2P_CMPCLK_2,OUTPUT,LVCMOS33,2,12,SLOW,,,,LOCATED,NO,NONE,
P68,,,GND,,,,,,,,,,,,
P69,,IOBS,IO_L1N_M0_CMPMISO_2,UNUSED,,2,,,,,,,,,
P70,flash_clk,IOB,IO_L1P_CCLK_2,OUTPUT,LVCMOS33,2,12,SLOW,,,,LOCATED,YES,NONE,
P71,,,DONE_2,,,,,,,,,,,,
P72,,,CMPCS_B_2,,,,,,,,,,,,
P73,,,SUSPEND,,,,,,,,,,,,
P74,sd_mosi,IOB,IO_L74N_DOUT_BUSY_1,OUTPUT,LVCMOS33,1,12,SLOW,,,,LOCATED,YES,NONE,
P75,sd_clk,IOB,IO_L74P_AWAKE_1,OUTPUT,LVCMOS33,1,12,SLOW,,,,LOCATED,YES,NONE,
P76,,,VCCO_1,,,1,,,,,3.30,,,,
P77,,,GND,,,,,,,,,,,,
P78,sd_miso,IOB,IO_L47N_1,INPUT,LVCMOS33,1,,,,NONE,,LOCATED,YES,NONE,
P79,r<0>,IOB,IO_L47P_1,OUTPUT,LVCMOS33,1,12,SLOW,,,,LOCATED,NO,NONE,
P80,r<1>,IOB,IO_L46N_1,OUTPUT,LVCMOS33,1,12,SLOW,,,,LOCATED,NO,NONE,
P81,r<2>,IOB,IO_L46P_1,OUTPUT,LVCMOS33,1,12,SLOW,,,,LOCATED,NO,NONE,
P82,g<0>,IOB,IO_L45N_1,OUTPUT,LVCMOS33,1,12,SLOW,,,,LOCATED,NO,NONE,
P83,g<1>,IOB,IO_L45P_1,OUTPUT,LVCMOS33,1,12,SLOW,,,,LOCATED,NO,NONE,
P84,g<2>,IOB,IO_L43N_GCLK4_1,OUTPUT,LVCMOS33,1,12,SLOW,,,,LOCATED,NO,NONE,
P85,vsync,IOB,IO_L43P_GCLK5_1,OUTPUT,LVCMOS33,1,12,SLOW,,,,LOCATED,NO,NONE,
P86,,,VCCO_1,,,1,,,,,3.30,,,,
P87,hsync,IOB,IO_L42N_GCLK6_TRDY1_1,OUTPUT,LVCMOS33,1,12,SLOW,,,,LOCATED,NO,NONE,
P88,b<0>,IOB,IO_L42P_GCLK7_1,OUTPUT,LVCMOS33,1,12,SLOW,,,,LOCATED,NO,NONE,
P89,,,VCCINT,,,,,,,,1.2,,,,
P90,,,VCCAUX,,,,,,,,2.5,,,,
P91,,,GND,,,,,,,,,,,,
P92,b<1>,IOB,IO_L41N_GCLK8_1,OUTPUT,LVCMOS33,1,12,SLOW,,,,LOCATED,NO,NONE,
P93,b<2>,IOB,IO_L41P_GCLK9_IRDY1_1,OUTPUT,LVCMOS33,1,12,SLOW,,,,LOCATED,NO,NONE,
P94,ear,IOB,IO_L40N_GCLK10_1,INPUT,LVCMOS33,1,,,PULLUP,NONE,,LOCATED,YES,NONE,
P95,mouseclk,IOB,IO_L40P_GCLK11_1,BIDIR,LVCMOS33,1,12,SLOW,PULLUP,NONE,,LOCATED,YES,NONE,
P96,,,GND,,,,,,,,,,,,
P97,mousedata,IOB,IO_L34N_1,BIDIR,LVCMOS33,1,12,SLOW,PULLUP,NONE,,LOCATED,YES,NONE,
P98,dataps2,IOB,IO_L34P_1,BIDIR,LVCMOS33,1,12,SLOW,PULLUP,NONE,,LOCATED,YES,NONE,
P99,clkps2,IOB,IO_L33N_1,BIDIR,LVCMOS33,1,12,SLOW,PULLUP,NONE,,LOCATED,YES,NONE,
P100,sram_addr<13>,IOB,IO_L33P_1,OUTPUT,LVTTL,1,12,FAST,,,,LOCATED,NO,NONE,
P101,sram_addr<12>,IOB,IO_L32N_1,OUTPUT,LVTTL,1,12,FAST,,,,LOCATED,NO,NONE,
P102,sram_addr<11>,IOB,IO_L32P_1,OUTPUT,LVTTL,1,12,FAST,,,,LOCATED,NO,NONE,
P103,,,VCCO_1,,,1,,,,,3.30,,,,
P104,sram_addr<10>,IOB,IO_L1N_VREF_1,OUTPUT,LVTTL,1,12,FAST,,,,LOCATED,NO,NONE,
P105,sram_addr<19>,IOB,IO_L1P_1,OUTPUT,LVTTL,1,12,FAST,,,,LOCATED,NO,NONE,
P106,,,TDO,,,,,,,,,,,,
P107,,,TMS,,,,,,,,,,,,
P108,,,GND,,,,,,,,,,,,
P109,,,TCK,,,,,,,,,,,,
P110,,,TDI,,,,,,,,,,,,
P111,sram_addr<14>,IOB,IO_L66N_SCP0_0,OUTPUT,LVTTL,0,12,FAST,,,,LOCATED,NO,NONE,
P112,sram_addr<9>,IOB,IO_L66P_SCP1_0,OUTPUT,LVTTL,0,12,FAST,,,,LOCATED,NO,NONE,
P113,,,GND,,,,,,,,,,,,
P114,sram_addr<8>,IOB,IO_L65N_SCP2_0,OUTPUT,LVTTL,0,12,FAST,,,,LOCATED,NO,NONE,
P115,sram_data<4>,IOB,IO_L65P_SCP3_0,BIDIR,LVTTL,0,12,FAST,,NONE,,LOCATED,YES,NONE,
P116,sram_addr<7>,IOB,IO_L64N_SCP4_0,OUTPUT,LVTTL,0,12,FAST,,,,LOCATED,NO,NONE,
P117,sram_data<5>,IOB,IO_L64P_SCP5_0,BIDIR,LVTTL,0,12,FAST,,NONE,,LOCATED,YES,NONE,
P118,sram_addr<6>,IOB,IO_L63N_SCP6_0,OUTPUT,LVTTL,0,12,FAST,,,,LOCATED,NO,NONE,
P119,sram_data<6>,IOB,IO_L63P_SCP7_0,BIDIR,LVTTL,0,12,FAST,,NONE,,LOCATED,YES,NONE,
P120,sram_addr<5>,IOB,IO_L62N_VREF_0,OUTPUT,LVTTL,0,12,FAST,,,,LOCATED,NO,NONE,
P121,sram_we_n,IOB,IO_L62P_0,OUTPUT,LVTTL,0,12,FAST,,,,LOCATED,NO,NONE,
P122,,,VCCO_0,,,0,,,,,3.30,,,,
P123,sram_data<3>,IOB,IO_L37N_GCLK12_0,BIDIR,LVTTL,0,12,FAST,,NONE,,LOCATED,YES,NONE,
P124,sram_data<2>,IOB,IO_L37P_GCLK13_0,BIDIR,LVTTL,0,12,FAST,,NONE,,LOCATED,YES,NONE,
P125,,,VCCO_0,,,0,,,,,3.30,,,,
P126,sram_data<7>,IOB,IO_L36N_GCLK14_0,BIDIR,LVTTL,0,12,FAST,,NONE,,LOCATED,YES,NONE,
P127,sram_data<1>,IOB,IO_L36P_GCLK15_0,BIDIR,LVTTL,0,12,FAST,,NONE,,LOCATED,YES,NONE,
P128,,,VCCINT,,,,,,,,1.2,,,,
P129,,,VCCAUX,,,,,,,,2.5,,,,
P130,,,GND,,,,,,,,,,,,
P131,sram_addr<15>,IOB,IO_L35N_GCLK16_0,OUTPUT,LVTTL,0,12,FAST,,,,LOCATED,NO,NONE,
P132,sram_data<0>,IOB,IO_L35P_GCLK17_0,BIDIR,LVTTL,0,12,FAST,,NONE,,LOCATED,YES,NONE,
P133,sram_addr<4>,IOB,IO_L34N_GCLK18_0,OUTPUT,LVTTL,0,12,FAST,,,,LOCATED,NO,NONE,
P134,sram_addr<3>,IOB,IO_L34P_GCLK19_0,OUTPUT,LVTTL,0,12,FAST,,,,LOCATED,NO,NONE,
P135,,,VCCO_0,,,0,,,,,3.30,,,,
P136,,,GND,,,,,,,,,,,,
P137,sram_addr<2>,IOB,IO_L4N_0,OUTPUT,LVTTL,0,12,FAST,,,,LOCATED,NO,NONE,
P138,sram_addr<16>,IOB,IO_L4P_0,OUTPUT,LVTTL,0,12,FAST,,,,LOCATED,NO,NONE,
P139,sram_addr<1>,IOB,IO_L3N_0,OUTPUT,LVTTL,0,12,FAST,,,,LOCATED,NO,NONE,
P140,sram_addr<17>,IOB,IO_L3P_0,OUTPUT,LVTTL,0,12,FAST,,,,LOCATED,NO,NONE,
P141,sram_addr<0>,IOB,IO_L2N_0,OUTPUT,LVTTL,0,12,FAST,,,,LOCATED,NO,NONE,
P142,sram_addr<18>,IOB,IO_L2P_0,OUTPUT,LVTTL,0,12,FAST,,,,LOCATED,NO,NONE,
P143,sram_addr<20>,IOB,IO_L1N_VREF_0,OUTPUT,LVTTL,0,12,FAST,,,,LOCATED,NO,NONE,
P144,,IOBM,IO_L1P_HSWAPEN_0,UNUSED,,0,,,,,,,,,

# -----,-----,-----,-----,-----,-----,-----,-----,-----,-----,-----,-----,-----,-----,-----,
# 
#* Default value.
#** This default Pullup/Pulldown value can be overridden in Bitgen. 
#****** Special VCCO requirements may apply. Please consult the device 
#       family datasheet for specific guideline on VCCO requirements. 
#
#
#