<?xml version="1.0" encoding="UTF-8" ?>
<document>
<!--The data in this file is primarily intended for consumption by Xilinx tools.
The structure and the elements are likely to change over the next few releases.
This means code written to parse this file will need to be revisited each subsequent release.-->
<application name="pn" timeStamp="Sun Jan 31 14:36:18 2021">
<section name="Project Information" visible="false">
<property name="ProjectID" value="0C631B16E19F4AAA9AED278459657F80" type="project"/>
<property name="ProjectIteration" value="21" type="project"/>
<property name="ProjectFile" value="G:/EXP27MOSQUERA/Spectrum_EXP27-200820_SRAM/zxuno_v4/zxuno_v4.xise" type="project"/>
<property name="ProjectCreationTimestamp" value="2020-02-15T00:26:58" type="project"/>
</section>
<section name="Project Statistics" visible="true">
<property name="PROPEXT_MapGlobalOptimization_spartan6" value="Speed" type="process"/>
<property name="PROPEXT_xilxMapPackRegInto_spartan6" value="For Inputs and Outputs" type="process"/>
<property name="PROP_Enable_Message_Filtering" value="true" type="design"/>
<property name="PROP_FitterReportFormat" value="HTML" type="process"/>
<property name="PROP_ImpactProjectFile" value="changed" type="process"/>
<property name="PROP_LastAppliedGoal" value="Timing Performance" type="design"/>
<property name="PROP_LastAppliedStrategy" value="SmartXplorer - mapgloboptioreg;D:/Users/rodriguj/Documents/zxspectrum/zxuno/repositorio/team/zxdosplus/exp27/zxuno_v4/mapgloboptioreg.xds" type="design"/>
<property name="PROP_ManualCompileOrderImp" value="false" type="design"/>
<property name="PROP_PostTrceGenTimegroups" value="true" type="process"/>
<property name="PROP_PreTrceGenTimegroups" value="true" type="process"/>
<property name="PROP_PropSpecInProjFile" value="Store all values" type="design"/>
<property name="PROP_Simulator" value="ISim (VHDL/Verilog)" type="design"/>
<property name="PROP_SynthOpt" value="Area" type="process"/>
<property name="PROP_SynthOptEffort_spartan6" value="High" type="process"/>
<property name="PROP_SynthTopFile" value="changed" type="process"/>
<property name="PROP_Top_Level_Module_Type" value="HDL" type="design"/>
<property name="PROP_UseSmartGuide" value="false" type="design"/>
<property name="PROP_UserBrowsedStrategyFiles" value="D:/Users/rodriguj/Documents/zxspectrum/zxuno/repositorio/team/zxdosplus/exp27/zxuno_v4/mapgloboptioreg.xds" type="process"/>
<property name="PROP_UserConstraintEditorPreference" value="Text Editor" type="process"/>
<property name="PROP_intProjectCreationTimestamp" value="2020-02-15T00:26:58" type="design"/>
<property name="PROP_intWbtProjectID" value="0C631B16E19F4AAA9AED278459657F80" type="design"/>
<property name="PROP_intWbtProjectIteration" value="21" type="process"/>
<property name="PROP_intWorkingDirLocWRTProjDir" value="Same" type="design"/>
<property name="PROP_intWorkingDirUsed" value="No" type="design"/>
<property name="PROP_xilxMapReportDetail" value="true" type="process"/>
<property name="PROP_xilxPostTrceAdvAna" value="true" type="process"/>
<property name="PROP_xilxPreTrceAdvAna" value="true" type="process"/>
<property name="PROP_xilxSynthRegBalancing" value="Yes" type="process"/>
<property name="PROP_xstAsynToSync" value="true" type="process"/>
<property name="PROP_xstPackIORegister" value="Yes" type="process"/>
<property name="PROP_xstUseSynthConstFile" value="false" type="process"/>
<property name="PROP_xst_otherCmdLineOptions" value="-infer_ramb8 No -loop_iteration_limit 65536" type="process"/>
<property name="PROP_AutoTop" value="false" type="design"/>
<property name="PROP_DevFamily" value="Spartan6" type="design"/>
<property name="PROP_PreTrceGenTSIFile" value="true" type="process"/>
<property name="PROP_xilxMapEnableMultiThreading" value="2" type="process"/>
<property name="PROP_xilxPostTrceGenTSIFile" value="true" type="process"/>
<property name="PROPEXT_xilxPARextraEffortLevel_spartan6" value="Normal" type="process"/>
<property name="PROP_DevDevice" value="xc6slx9" type="design"/>
<property name="PROP_DevFamilyPMName" value="spartan6" type="design"/>
<property name="PROP_DevPackage" value="tqg144" type="design"/>
<property name="PROP_Synthesis_Tool" value="XST (VHDL/Verilog)" type="design"/>
<property name="PROP_parEnableMultiThreading_spartan6" value="4" type="process"/>
<property name="PROP_DevSpeed" value="-2" type="design"/>
<property name="PROP_PreferredLanguage" value="Verilog" type="design"/>
<property name="FILE_UCF" value="1" type="source"/>
<property name="FILE_VERILOG" value="44" type="source"/>
<property name="FILE_VHDL" value="5" type="source"/>
</section>
</application>
</document>
